Luas,Kamar,KamarMandi,JarakPusat,UsiaBangunan,AksesTransport,PrediksiHarga
75.01845230036224,2,3,8.469526150555595,10.78121277783315,-1.8417350377917323,2602.7353361237488
79.48118306262705,5,1,8.070661024480183,2.6231418108596722,-0.23509113107468127,3163.668315184976
70.88793216956674,5,3,7.316242746993696,6.169536955839128,-1.2674464814437032,2853.7262740860438
61.64112241864089,1,1,4.208595865875386,0.39510904079662357,0.2712643588217015,2408.031032301158
68.17993822242416,3,2,6.912244532610179,2.8418490408600956,0.15675108662422516,2703.706531579038
